main_image,sub_image,content_image
https://velog.velcdn.com/images/dbakkerus/post/1a15cf97-179f-4b36-8dad-f68a0f174224/image.png,https://velog.velcdn.com/images/dbakkerus/post/28a58174-b954-47c3-99f3-e1aa2689995a/image.png,https://velog.velcdn.com/images/dbakkerus/post/4229708a-875b-4123-a4c2-d99e19ed8de8/image.png
https://velog.velcdn.com/images/dbakkerus/post/b985462f-bea0-4492-8566-cb8a40ab456b/image.png,https://velog.velcdn.com/images/dbakkerus/post/28a58174-b954-47c3-99f3-e1aa2689995a/image.png,https://velog.velcdn.com/images/dbakkerus/post/4229708a-875b-4123-a4c2-d99e19ed8de8/image.png
https://velog.velcdn.com/images/dbakkerus/post/247e201a-bd51-466e-a25c-892d374cbdad/image.png,https://velog.velcdn.com/images/dbakkerus/post/28a58174-b954-47c3-99f3-e1aa2689995a/image.png,https://velog.velcdn.com/images/dbakkerus/post/4229708a-875b-4123-a4c2-d99e19ed8de8/image.png
https://velog.velcdn.com/images/dbakkerus/post/df469d3c-1c44-46ba-814d-df01088998b8/image.png,https://velog.velcdn.com/images/dbakkerus/post/28a58174-b954-47c3-99f3-e1aa2689995a/image.png,https://velog.velcdn.com/images/dbakkerus/post/4229708a-875b-4123-a4c2-d99e19ed8de8/image.png
https://velog.velcdn.com/images/dbakkerus/post/1fefac25-2d59-4678-9511-0f5e0b43061d/image.png,https://velog.velcdn.com/images/dbakkerus/post/28a58174-b954-47c3-99f3-e1aa2689995a/image.png,https://velog.velcdn.com/images/dbakkerus/post/4229708a-875b-4123-a4c2-d99e19ed8de8/image.png
https://velog.velcdn.com/images/dbakkerus/post/b08e0051-27a8-493a-ae38-10456962a169/image.png,https://velog.velcdn.com/images/dbakkerus/post/28a58174-b954-47c3-99f3-e1aa2689995a/image.png,https://velog.velcdn.com/images/dbakkerus/post/4229708a-875b-4123-a4c2-d99e19ed8de8/image.png
https://velog.velcdn.com/images/dbakkerus/post/5014288f-42dc-4161-ab6d-a420d7ac0b1a/image.png,https://velog.velcdn.com/images/dbakkerus/post/28a58174-b954-47c3-99f3-e1aa2689995a/image.png,https://velog.velcdn.com/images/dbakkerus/post/4229708a-875b-4123-a4c2-d99e19ed8de8/image.png
https://velog.velcdn.com/images/dbakkerus/post/4a2c2de5-8551-4de5-976c-8f40c6b255b8/image.png,https://velog.velcdn.com/images/dbakkerus/post/28a58174-b954-47c3-99f3-e1aa2689995a/image.png,https://velog.velcdn.com/images/dbakkerus/post/4229708a-875b-4123-a4c2-d99e19ed8de8/image.png
https://velog.velcdn.com/images/dbakkerus/post/69b34468-4f5b-4a49-a453-84dc7dd34387/image.png,https://velog.velcdn.com/images/dbakkerus/post/687414d6-0e85-45e6-90da-63ae6e9d3765/image.png,https://velog.velcdn.com/images/dbakkerus/post/e02ef21d-d5bb-456a-ae5a-15cc75ed8c77/image.png
https://velog.velcdn.com/images/dbakkerus/post/67f70970-58c8-4422-892f-68b0e04febc1/image.png,https://velog.velcdn.com/images/dbakkerus/post/687414d6-0e85-45e6-90da-63ae6e9d3765/image.png,https://velog.velcdn.com/images/dbakkerus/post/e02ef21d-d5bb-456a-ae5a-15cc75ed8c77/image.png
https://velog.velcdn.com/images/dbakkerus/post/6ed5d842-3c83-40ba-a89e-6f41d0c7c498/image.png,https://velog.velcdn.com/images/dbakkerus/post/687414d6-0e85-45e6-90da-63ae6e9d3765/image.png,https://velog.velcdn.com/images/dbakkerus/post/e02ef21d-d5bb-456a-ae5a-15cc75ed8c77/image.png
https://velog.velcdn.com/images/dbakkerus/post/ca94c8f6-170e-4bc3-9f1d-e7a62e8dbeca/image.png,https://velog.velcdn.com/images/dbakkerus/post/687414d6-0e85-45e6-90da-63ae6e9d3765/image.png,https://velog.velcdn.com/images/dbakkerus/post/e02ef21d-d5bb-456a-ae5a-15cc75ed8c77/image.png
https://velog.velcdn.com/images/dbakkerus/post/c59267f3-5d3a-4b53-af8c-fa59e45179a0/image.png,https://velog.velcdn.com/images/dbakkerus/post/687414d6-0e85-45e6-90da-63ae6e9d3765/image.png,https://velog.velcdn.com/images/dbakkerus/post/e02ef21d-d5bb-456a-ae5a-15cc75ed8c77/image.png
https://velog.velcdn.com/images/dbakkerus/post/d5d96ac4-cde7-4484-90c2-86c77420b350/image.png,https://velog.velcdn.com/images/dbakkerus/post/687414d6-0e85-45e6-90da-63ae6e9d3765/image.png,https://velog.velcdn.com/images/dbakkerus/post/e02ef21d-d5bb-456a-ae5a-15cc75ed8c77/image.png
https://velog.velcdn.com/images/dbakkerus/post/df3e57f1-76cc-478e-a120-c79c77dd836f/image.png,https://velog.velcdn.com/images/dbakkerus/post/687414d6-0e85-45e6-90da-63ae6e9d3765/image.png,https://velog.velcdn.com/images/dbakkerus/post/e02ef21d-d5bb-456a-ae5a-15cc75ed8c77/image.png
https://velog.velcdn.com/images/dbakkerus/post/fdddd39e-66ba-4726-9c0a-9915036be506/image.png,https://velog.velcdn.com/images/dbakkerus/post/687414d6-0e85-45e6-90da-63ae6e9d3765/image.png,https://velog.velcdn.com/images/dbakkerus/post/e02ef21d-d5bb-456a-ae5a-15cc75ed8c77/image.png
https://velog.velcdn.com/images/dbakkerus/post/0e5a6e60-21f1-4163-854e-7b0eab26b22e/image.png,https://velog.velcdn.com/images/dbakkerus/post/f10bbe3f-69f6-4901-a08d-fe11521cf510/image.png,https://velog.velcdn.com/images/dbakkerus/post/a9492e45-982c-4f8f-a064-61b69be9a0dc/image.png
https://velog.velcdn.com/images/dbakkerus/post/d924c3cf-70c2-46e7-9aeb-5d4555747ac2/image.png,https://velog.velcdn.com/images/dbakkerus/post/f10bbe3f-69f6-4901-a08d-fe11521cf510/image.png,https://velog.velcdn.com/images/dbakkerus/post/a9492e45-982c-4f8f-a064-61b69be9a0dc/image.png
https://velog.velcdn.com/images/dbakkerus/post/4536967c-1254-4c44-afd1-6ca68bf51b11/image.png,https://velog.velcdn.com/images/dbakkerus/post/f10bbe3f-69f6-4901-a08d-fe11521cf510/image.png,https://velog.velcdn.com/images/dbakkerus/post/a9492e45-982c-4f8f-a064-61b69be9a0dc/image.png
https://velog.velcdn.com/images/dbakkerus/post/befeed4a-77b6-4a71-a7f8-20216bd193e6/image.png,https://velog.velcdn.com/images/dbakkerus/post/f10bbe3f-69f6-4901-a08d-fe11521cf510/image.png,https://velog.velcdn.com/images/dbakkerus/post/a9492e45-982c-4f8f-a064-61b69be9a0dc/image.png
https://velog.velcdn.com/images/dbakkerus/post/29fdfcae-aad4-4acc-b6f4-cde49bc3f881/image.png,https://velog.velcdn.com/images/dbakkerus/post/f10bbe3f-69f6-4901-a08d-fe11521cf510/image.png,https://velog.velcdn.com/images/dbakkerus/post/a9492e45-982c-4f8f-a064-61b69be9a0dc/image.png
https://velog.velcdn.com/images/dbakkerus/post/fb73c1bf-897f-45c0-9882-9275344645d9/image.png,https://velog.velcdn.com/images/dbakkerus/post/f10bbe3f-69f6-4901-a08d-fe11521cf510/image.png,https://velog.velcdn.com/images/dbakkerus/post/a9492e45-982c-4f8f-a064-61b69be9a0dc/image.png